{"cameraMode":{"drawMode":0,"name":"Shaded","section":"Shading Mode"},"sceneLighting":true,"audioPlay":false,"sceneViewState":{"showFog":true,"showMaterialUpdate":false,"showSkybox":true,"showFlares":true,"showImageEffects":true,"showParticleSystems":true},"in2DMode":false,"pivot":{"x":0.08397245407104492,"y":0.7949329018592835,"z":0.03984856605529785},"rotation":{"x":-0.07557138055562973,"y":-0.9200552701950073,"z":0.22107131779193879,"w":-0.3145194947719574},"size":7.069288730621338,"orthographic":false}