{"cameraMode":{"drawMode":0,"name":"Shaded","section":"Shading Mode"},"sceneLighting":true,"audioPlay":false,"sceneViewState":{"showFog":true,"showMaterialUpdate":false,"showSkybox":true,"showFlares":true,"showImageEffects":true,"showParticleSystems":true,"showVisualEffectGraphs":true,"m_FxEnabled":true},"in2DMode":false,"pivot":{"x":41.15773010253906,"y":416.0770263671875,"z":157.1842498779297},"rotation":{"x":-0.015274831093847752,"y":0.06654050201177597,"z":-0.0010197657393291593,"w":-0.9976701736450195},"size":240.7366485595703,"orthographic":false}