{"cameraMode":{"drawMode":0,"name":"Shaded","section":"Shading Mode"},"sceneLighting":true,"audioPlay":false,"sceneViewState":{"showFog":true,"showMaterialUpdate":false,"showSkybox":true,"showFlares":true,"showImageEffects":true,"showParticleSystems":true},"in2DMode":false,"pivot":{"x":0.009999990463256836,"y":2.5,"z":-4.900000095367432},"rotation":{"x":-0.26859354972839358,"y":0.5153102278709412,"z":-0.17409493029117585,"w":-0.7950038909912109},"size":4.213967323303223,"orthographic":false}