{"cameraMode":{"drawMode":0,"name":"Shaded","section":"Shading Mode"},"sceneLighting":true,"audioPlay":false,"sceneViewState":{"showFog":true,"showMaterialUpdate":false,"showSkybox":true,"showFlares":true,"showImageEffects":true,"showParticleSystems":true},"in2DMode":false,"pivot":{"x":-0.09678077697753906,"y":0.3421939015388489,"z":4.35004997253418},"rotation":{"x":-0.10848181694746018,"y":-0.5641311407089233,"z":0.07507622987031937,"w":-0.8150966763496399},"size":2.9140701293945314,"orthographic":false}