{"cameraMode":{"drawMode":0,"name":"Shaded","section":"Shading Mode"},"sceneLighting":false,"audioPlay":false,"sceneViewState":{"showFog":true,"showMaterialUpdate":false,"showSkybox":false,"showFlares":true,"showImageEffects":true,"showParticleSystems":true},"in2DMode":false,"pivot":{"x":-0.06700682640075684,"y":-0.03381425142288208,"z":-0.0004114508628845215},"rotation":{"x":-0.0659695714712143,"y":0.6790798306465149,"z":-0.06149744987487793,"w":-0.7285349369049072},"size":1.9894928932189942,"orthographic":false}