{"cameraMode":{"drawMode":0,"name":"Shaded","section":"Shading Mode"},"sceneLighting":true,"audioPlay":false,"sceneViewState":{"showFog":true,"showMaterialUpdate":false,"showSkybox":true,"showFlares":true,"showImageEffects":true,"showParticleSystems":true},"in2DMode":false,"pivot":{"x":-0.06700670719146729,"y":37.366188049316409,"z":-0.0004114806652069092},"rotation":{"x":-0.07739251852035523,"y":0.4589516818523407,"z":-0.04017789289355278,"w":-0.8841989636421204},"size":1.989492416381836,"orthographic":false}